dataset_version,snapshot_name,test_manifest_sha256,symbol,timeframe,model,split,n_samples,mae,rmse,mape_pct,directional_accuracy,naive_mae,naive_rmse,naive_mape_pct,naive_directional_accuracy,improvement_vs_naive_rmse_pct,run_id,seed,status
group_dataset_v1,ohlcv_full_current,48f7c13e01d7274ff1cfba435d1f76b878c273a66e89de72b7f447d7a366c518,FPT,1d,arima,test,78,1.2061173077166474,1.586835200755414,1.6227784423682698,0.5256410256410257,1.2014102564102556,1.5784717536031727,1.6161845537027175,0.0128205128205128,-0.5298445875353891,1a8a52be5e454186927ceb7e9f48bfee,42,preliminary
group_dataset_v1,ohlcv_full_current,48f7c13e01d7274ff1cfba435d1f76b878c273a66e89de72b7f447d7a366c518,FPT,1d,xgboost,test,78,19.315808183718957,19.588796354038585,26.31481454997807,0.4230769230769231,1.2014102564102556,1.5784717536031727,1.6161845537027175,0.0128205128205128,-1140.9975857549114,82b89db0c88b4f4e958518506d7955c9,42,preliminary
group_dataset_v1,ohlcv_full_current,48f7c13e01d7274ff1cfba435d1f76b878c273a66e89de72b7f447d7a366c518,FPT,1d,random_forest,test,78,14.837693188085026,14.98372702330017,20.220620087678903,0.4230769230769231,1.2014102564102556,1.5784717536031727,1.6161845537027175,0.0128205128205128,-849.2553154085184,0668992ce3cf45389acd4f7f3159d6c9,42,preliminary
group_dataset_v1,ohlcv_full_current,48f7c13e01d7274ff1cfba435d1f76b878c273a66e89de72b7f447d7a366c518,FPT,1d,gru,test,78,1.2219239998895406,1.5854542093615591,1.645547228271209,0.4230769230769231,1.2014102564102556,1.5784717536031727,1.6161845537027175,0.0128205128205128,-0.4423554455407769,690aa787f59740f29f66a8e389cbe33f,42,preliminary
group_dataset_v1,ohlcv_full_current,9395bf5ae2854696c80fbf9c57d763d108c11ea8f057ae2d9fd8bad13169d106,VCB,1d,arima,test,78,0.6932417416489907,1.0585816984176848,1.1467471257571022,0.4230769230769231,0.6717948717948727,1.031677747341182,1.1109922082531023,0.0897435897435897,-2.607786311746965,1ed8b10b28b44a33ad802008dab19c1e,42,preliminary
group_dataset_v1,ohlcv_full_current,9395bf5ae2854696c80fbf9c57d763d108c11ea8f057ae2d9fd8bad13169d106,VCB,1d,xgboost,test,78,0.8993486355512571,1.371758565383417,1.4720489445991023,0.6282051282051282,0.6717948717948727,1.031677747341182,1.1109922082531023,0.0897435897435897,-32.96386094579282,e3d2cb7db0e445a788d834070cc9548a,42,preliminary
group_dataset_v1,ohlcv_full_current,9395bf5ae2854696c80fbf9c57d763d108c11ea8f057ae2d9fd8bad13169d106,VCB,1d,random_forest,test,78,0.7612413459191945,1.165067997411348,1.2516788395976222,0.5641025641025641,0.6717948717948727,1.031677747341182,1.1109922082531023,0.0897435897435897,-12.929449182551098,06ef34b4d18b45deb1abdcca9ed6cb56,42,preliminary
group_dataset_v1,ohlcv_full_current,9395bf5ae2854696c80fbf9c57d763d108c11ea8f057ae2d9fd8bad13169d106,VCB,1d,gru,test,78,0.6708661976227396,1.0206311892513706,1.1091688002046387,0.4743589743589743,0.6717948717948727,1.031677747341182,1.1109922082531023,0.0897435897435897,1.0707372644491286,3cb18d14f7a4408b9f0603276f69f3d8,42,preliminary
group_dataset_v1,ohlcv_full_current,752ebd51d70012303f43480234948c8b1296ee6f52be52fec26d35475a7a2cbc,HPG,1d,arima,test,78,0.2801938798076089,0.4147677204915995,1.1669878132863216,0.4615384615384615,0.28,0.4141286806085327,1.1661800383444392,0.0512820512820512,-0.1543094967795445,11b29383abce4a449c5770d37258c269,42,preliminary
group_dataset_v1,ohlcv_full_current,752ebd51d70012303f43480234948c8b1296ee6f52be52fec26d35475a7a2cbc,HPG,1d,xgboost,test,78,0.4019043575189051,0.5258925114989796,1.667269921198482,0.6025641025641025,0.28,0.4141286806085327,1.1661800383444392,0.0512820512820512,-26.98770602562901,c44b3e8907d04b48b92a1b918865237e,42,preliminary
group_dataset_v1,ohlcv_full_current,752ebd51d70012303f43480234948c8b1296ee6f52be52fec26d35475a7a2cbc,HPG,1d,random_forest,test,78,0.2846659157838746,0.3876384836173255,1.182719890582104,0.6025641025641025,0.28,0.4141286806085327,1.1661800383444392,0.0512820512820512,6.39661009526839,288a3568ba8d499b9b98f2636bdc2257,42,preliminary
group_dataset_v1,ohlcv_full_current,752ebd51d70012303f43480234948c8b1296ee6f52be52fec26d35475a7a2cbc,HPG,1d,gru,test,78,0.2797245994286659,0.4135284577447478,1.1652954188988196,0.5256410256410257,0.28,0.4141286806085327,1.1661800383444392,0.0512820512820512,0.1449363185623683,fdc703c85592411aaa4c8051ff583488,42,preliminary
group_dataset_v1,ohlcv_full_current,f5fce31e7826dab523bc954a07f66dcba4529297a0b604e1fa0605a4e5816e79,VNM,1d,arima,test,78,0.538143277360863,0.8329238395685412,0.9185137499149824,0.4615384615384615,0.5487179487179488,0.8614061253674211,0.9354847975115768,0.0641025641025641,3.306487492961716,d28d59a8c18d4d1aa5f361ca32f595f4,42,preliminary
group_dataset_v1,ohlcv_full_current,f5fce31e7826dab523bc954a07f66dcba4529297a0b604e1fa0605a4e5816e79,VNM,1d,xgboost,test,78,0.6553177545009513,0.9645985357569998,1.1151363556936733,0.5769230769230769,0.5487179487179488,0.8614061253674211,0.9354847975115768,0.0641025641025641,-11.979530601267015,e2750c790639489a93c0665a21d5da2a,42,preliminary
group_dataset_v1,ohlcv_full_current,f5fce31e7826dab523bc954a07f66dcba4529297a0b604e1fa0605a4e5816e79,VNM,1d,random_forest,test,78,0.5561075151447513,0.912325257548158,0.9470699247262996,0.5256410256410257,0.5487179487179488,0.8614061253674211,0.9354847975115768,0.0641025641025641,-5.911164395193715,8896c612e44845aab5b0bd949b4dc839,42,preliminary
group_dataset_v1,ohlcv_full_current,f5fce31e7826dab523bc954a07f66dcba4529297a0b604e1fa0605a4e5816e79,VNM,1d,gru,test,78,0.5423481638920612,0.8575482938241398,0.9244313242604888,0.5512820512820513,0.5487179487179488,0.8614061253674211,0.9354847975115768,0.0641025641025641,0.4478528106165761,f276d5c3ac9145d3a836f2899c06c15b,42,preliminary
group_dataset_v1,ohlcv_full_current,bf2993aa00b8b96ce9d72302579a3495cf40d33c1f04e87f342fbcc018936035,BTCUSDT,1d,arima,test,109,1079.68534536565,1389.3987580368205,1.5255227385393886,0.4495412844036697,1077.6804587155962,1386.2685102289147,1.5224506273225045,0.0,-0.2258038601330317,fd199910b4dc4ba1950860a1218a7d50,42,preliminary
group_dataset_v1,ohlcv_full_current,bf2993aa00b8b96ce9d72302579a3495cf40d33c1f04e87f342fbcc018936035,BTCUSDT,1d,xgboost,test,109,4226.007849770643,5026.328551684823,5.949209775268669,0.4311926605504587,1077.6804587155962,1386.2685102289147,1.5224506273225045,0.0,-262.5797249664731,6781820db689461c8597278baafd1d77,42,preliminary
group_dataset_v1,ohlcv_full_current,bf2993aa00b8b96ce9d72302579a3495cf40d33c1f04e87f342fbcc018936035,BTCUSDT,1d,random_forest,test,109,3507.45155772092,4334.879459621713,4.992216545071903,0.4311926605504587,1077.6804587155962,1386.2685102289147,1.5224506273225045,0.0,-212.701286052144,54daf7b70ffe4b7d969719ef2c682b22,42,preliminary
group_dataset_v1,ohlcv_full_current,bf2993aa00b8b96ce9d72302579a3495cf40d33c1f04e87f342fbcc018936035,BTCUSDT,1d,gru,test,109,1108.0298792949595,1433.40093214509,1.572806266362289,0.4770642201834862,1077.6804587155962,1386.2685102289147,1.5224506273225045,0.0,-3.399948968644786,5d74f7ebfd5d45b5b59446c7d5d5adda,42,preliminary
group_dataset_v1,ohlcv_full_current,e5c6a190973a94662f1385e87918fcc5cedb0b2c9cbb0632ff145fd49139c8eb,ETHUSDT,1d,arima,test,109,43.65062505438132,58.74811185664731,2.134237153556388,0.4587155963302752,41.17642201834864,56.48209526319912,2.014474792122365,0.0,-4.01192020743716,78566d190ed540b080c60fb969272a7c,42,preliminary
group_dataset_v1,ohlcv_full_current,e5c6a190973a94662f1385e87918fcc5cedb0b2c9cbb0632ff145fd49139c8eb,ETHUSDT,1d,xgboost,test,109,149.8206434561353,169.6202719595878,7.158168717125293,0.4862385321100917,41.17642201834864,56.48209526319912,2.014474792122365,0.0,-200.30803774041965,6fe134ebe65a49e7b39cf4719a616eae,42,preliminary
group_dataset_v1,ohlcv_full_current,e5c6a190973a94662f1385e87918fcc5cedb0b2c9cbb0632ff145fd49139c8eb,ETHUSDT,1d,random_forest,test,109,80.36304610208018,97.10609095674133,3.939064239298383,0.4495412844036697,41.17642201834864,56.48209526319912,2.014474792122365,0.0,-71.923669800562,fb3a4b81ae12480f8ba08aa94a231699,42,preliminary
group_dataset_v1,ohlcv_full_current,e5c6a190973a94662f1385e87918fcc5cedb0b2c9cbb0632ff145fd49139c8eb,ETHUSDT,1d,gru,test,109,43.0672876278325,58.01517332306696,2.1257364334830404,0.4770642201834862,41.17642201834864,56.48209526319912,2.014474792122365,0.0,-2.714272642903736,ca2ce97f49474340892885f0e3be1570,42,preliminary
group_dataset_v1,ohlcv_full_current,cec96b36fe60426ca8b33935a189b01548951b75f594a95a6e47dbaba1af0098,SOLUSDT,1d,xgboost,test,109,34.352633445809744,34.938606356892706,43.1890892774432,0.4587155963302752,1.817798165137616,2.343120713684869,2.2527071399184715,0.0091743119266055,-1391.1142286795418,05966496afa74a37bf319c5a1c9743a2,42,preliminary
group_dataset_v1,ohlcv_full_current,cec96b36fe60426ca8b33935a189b01548951b75f594a95a6e47dbaba1af0098,SOLUSDT,1d,random_forest,test,109,30.938171030554503,32.03796586081353,39.309863775783136,0.4587155963302752,1.817798165137616,2.343120713684869,2.2527071399184715,0.0091743119266055,-1267.3203294093018,7514315c5e5341c785703ccdf6bc3c6b,42,preliminary
group_dataset_v1,ohlcv_full_current,cec96b36fe60426ca8b33935a189b01548951b75f594a95a6e47dbaba1af0098,SOLUSDT,1d,gru,test,109,2.2157705961752283,2.72152142400402,2.774825187266583,0.4587155963302752,1.817798165137616,2.343120713684869,2.2527071399184715,0.0091743119266055,-16.149433023621977,9aefc580fa37478d98c01e37d0e4d849,42,preliminary
group_dataset_v1,ohlcv_full_current,cec96b36fe60426ca8b33935a189b01548951b75f594a95a6e47dbaba1af0098,SOLUSDT,1d,arima,test,109,1.820878632626222,2.3487553200959628,2.25811671774242,0.4862385321100917,1.817798165137616,2.343120713684869,2.2527071399184715,0.0091743119266055,-0.2404744398436372,e0a9c115ae0a4751987f6fe3c8f07b97,42,preliminary
group_dataset_v1,ohlcv_full_current,aba2e3b7a67ec33f845ce980fad30a013aac326e93bc91324e11b318ad8f9d7b,BTCUSDT,1h,arima,test,2627,208.90124857330528,308.45335288675227,0.2971799058483681,0.5043776170536733,209.00406547392464,308.393409021871,0.2973559265781384,0.0,-0.0194374662777048,79757fccdda445a59d94b990927d6a8e,42,preliminary
group_dataset_v1,ohlcv_full_current,aba2e3b7a67ec33f845ce980fad30a013aac326e93bc91324e11b318ad8f9d7b,BTCUSDT,1h,xgboost,test,2627,542.051315664256,734.2681132921808,0.7442811333868075,0.4998096688237533,209.00406547392464,308.393409021871,0.2973559265781384,0.0,-138.09461934386127,7264425fb3ee45caa3ee93d9dfd53380,42,preliminary
group_dataset_v1,ohlcv_full_current,aba2e3b7a67ec33f845ce980fad30a013aac326e93bc91324e11b318ad8f9d7b,BTCUSDT,1h,random_forest,test,2627,273.6514797098234,376.40434143329344,0.3841133472067256,0.5085649029311001,209.00406547392464,308.393409021871,0.2973559265781384,0.0,-22.053302833913413,c12d3dafa5cd44d1b115c4f0c8bcb2d6,42,preliminary
group_dataset_v1,ohlcv_full_current,aba2e3b7a67ec33f845ce980fad30a013aac326e93bc91324e11b318ad8f9d7b,BTCUSDT,1h,gru,test,2627,278.1641749471491,373.7477772033299,0.4030997260519408,0.4979063570612866,209.00406547392464,308.393409021871,0.2973559265781384,0.0,-21.191882274249277,6d055dcb8df84dc993eb5f821a0f7489,42,preliminary
group_dataset_v1,ohlcv_full_current,62d82e13b48f337623235e20c2412d435395fef46fea5a24776ea895d1c8b828,ACB,1d,arima,test,78,0.2723486963730755,0.388201911397677,1.3135850175231931,0.5128205128205128,0.2669230769230771,0.3902169022085419,1.2888783803605892,0.1025641025641025,0.5163771224312451,27237ab7dc3846e29edafc6551132ed8,42,preliminary
group_dataset_v1,ohlcv_full_current,62d82e13b48f337623235e20c2412d435395fef46fea5a24776ea895d1c8b828,ACB,1d,xgboost,test,78,0.482620036785419,0.6483500635961558,2.2828518759739103,0.4871794871794871,0.2669230769230771,0.3902169022085419,1.2888783803605892,0.1025641025641025,-66.15119948075979,15b4c474f1ec4a929662101f34466947,42,preliminary
group_dataset_v1,ohlcv_full_current,62d82e13b48f337623235e20c2412d435395fef46fea5a24776ea895d1c8b828,ACB,1d,random_forest,test,78,0.5256917774782226,0.6368350104288932,2.573342279961495,0.3846153846153846,0.2669230769230771,0.3902169022085419,1.2888783803605892,0.1025641025641025,-63.20026293698378,a9916b77672e4437996a1ce165c5a003,42,preliminary
group_dataset_v1,ohlcv_full_current,62d82e13b48f337623235e20c2412d435395fef46fea5a24776ea895d1c8b828,ACB,1d,gru,test,78,0.2678177063587382,0.3873986249831136,1.2929219796096345,0.5512820512820513,0.2669230769230771,0.3902169022085419,1.2888783803605892,0.1025641025641025,0.722233508973455,3cec04baa8c646e9a15f788abd7b2490,42,preliminary
