sprint,start,end,status,commits,authors,prs_opened,prs_merged,prs_closed_unmerged,issues_closed
1,2026-06-01,2026-06-14,done,15,3,3,3,0,0
2,2026-06-15,2026-06-28,done,5,2,3,3,0,0
3,2026-06-29,2026-07-12,done,5,2,4,3,0,0
4,2026-07-13,2026-07-26,done,57,3,22,22,1,6
5,2026-07-27,2026-08-09,done,2,1,0,0,0,0
6,2026-08-10,2026-08-23,done,2,2,1,0,0,0
7,2026-08-24,2026-09-06,done,3,1,2,0,1,0
8,2026-09-07,2026-09-20,done,2,1,2,4,0,0
9,2026-09-21,2026-10-04,done,22,3,14,13,1,0
10,2026-10-05,2026-10-18,in_progress,9,1,7,7,0,0
